Creation,MergeTime,id,isPr,N. of Comments,Closed,N. Labels,author, labelStatus, lastUpdateTime, milestoneTitle, Repository
1566223548,NA,27795,1,2,0,24,ohindrichs,PPPPPNPNPPPPPPPPPPPPP,1566224593,CMSSW_11_0_X,cms-sw/cmssw
1566215460,NA,27794,1,1,0,5,ohindrichs,NNNNNNNNNPNNNNNNNPNNN,1566215520,CMSSW_10_2_X,cms-sw/cmssw
1566204942,NA,27793,1,9,0,6,civanch,NNNNNNNNNNNNNNNNPANNN,1566213398,CMSSW_11_0_X,cms-sw/cmssw
1566198364,NA,27792,1,5,0,8,depasse,PNNNPNNNNNNNPNNNNPNNN,1566200788,CMSSW_11_0_X,cms-sw/cmssw
1566142522,NA,27791,1,5,0,8,danielwinterbottom,NPNNNNNNNPNNNNNNPPNNN,1566156951,CMSSW_11_0_X,cms-sw/cmssw
1565898542,NA,27785,1,9,0,6,hatakeyamak,NNNNNNNNNNNNNNNPNANNN,1565956064,CMSSW_11_0_X,cms-sw/cmssw
1565875723,NA,27784,1,8,0,6,makortel,NNPNNNNNNNNNNNNNNANNN,1565892164,CMSSW_11_0_X,cms-sw/cmssw
1565874525,NA,27783,1,17,0,7,bsunanda,NNNNNNNNNNANNNNNNAPNN,1566151762,CMSSW_11_0_X,cms-sw/cmssw
1565868947,NA,27782,1,12,0,6,hatakeyamak,NNNNNNNNNNNNNNNPNRNNN,1565961106,CMSSW_11_0_X,cms-sw/cmssw
1565868459,NA,27781,1,5,0,5,mrodozov,PNNNNNNNNNNNNNNNNRNNN,1565873251,-,cms-sw/cmssw
1565833114,NA,27779,1,18,0,7,chayanit,NNNNNNNNNNNNNNPNNAPNN,1565871672,CMSSW_11_0_X,cms-sw/cmssw
1565802548,NA,27778,1,9,0,5,weishi10141993,NNNNNNNNNNNNNNNNAANNN,1565964070,CMSSW_10_6_X,cms-sw/cmssw
1565783054,NA,27774,1,9,0,6,AramayisPetrosyan,NNNNPNNNNNNNNNNNNANNN,1565798921,CMSSW_11_0_X,cms-sw/cmssw
1565774044,NA,27772,1,10,0,8,missirol,NPNNNNANNNNNNNNANANNN,1565964082,CMSSW_11_0_X,cms-sw/cmssw
1565735506,NA,27770,1,35,0,7,adas1994,NNNNNNNNNNNNNNNNPRPNN,1566156773,CMSSW_11_0_X,cms-sw/cmssw
1565708184,NA,27766,1,14,0,5,weishi10141993,NNNNNNNNNNNNNNNNAANNN,1566052461,CMSSW_10_2_X,cms-sw/cmssw
1565707020,NA,27765,1,10,0,5,weishi10141993,NNNNNNNNNNNNNNNNAANNN,1566052474,CMSSW_9_3_X,cms-sw/cmssw
1565630270,NA,27753,1,36,0,7,makortel,NNNNNNNNNNNNNNPNNAPNN,1566056688,CMSSW_11_0_X,cms-sw/cmssw
1565594681,NA,27748,1,15,0,6,abdoulline,NNNNNNPNNNNNNNNNNANNN,1565685906,CMSSW_11_0_X,cms-sw/cmssw
1565593135,NA,27747,1,8,0,5,srimanob,NNNNNNNNNNNNNNANNANNN,1565702004,CMSSW_10_6_X,cms-sw/cmssw
1565593057,NA,27746,1,8,0,6,srimanob,NNNNNNNNNNNNNNPNNANNN,1565611298,CMSSW_11_0_X,cms-sw/cmssw
1565444754,NA,27743,1,25,0,10,bsunanda,NNNNNNPNPNPNNNNNPRPNN,1565967489,CMSSW_11_0_X,cms-sw/cmssw
1565347953,NA,27738,1,30,0,7,zucchett,NPNNNNNNNNNNNNNPNPNNN,1566160345,CMSSW_11_0_X,cms-sw/cmssw
1565290566,NA,27734,1,9,0,6,christopheralanwest,ANNNNNNNNNNNNNNNNANNN,1565336223,CMSSW_10_6_X,cms-sw/cmssw
1565280706,NA,27731,1,11,0,7,dildick,NNNNNNNNNNNNPNNNNAPNN,1565612692,CMSSW_11_0_X,cms-sw/cmssw
1565260198,NA,27726,1,10,0,6,mariadalfonso,NNNNNNNNNNNNNNNPNANNN,1565816924,CMSSW_11_0_X,cms-sw/cmssw
1565029629,NA,27698,1,20,0,6,christopheralanwest,PNNNNNNNNNNNNNNNNANNN,1565197658,CMSSW_10_6_X,cms-sw/cmssw
1565008119,NA,27694,1,15,0,6,mmusich,NNNNNNNNNNNNNNNPNANNN,1565837603,CMSSW_11_0_X,cms-sw/cmssw
1564996577,NA,27691,1,26,0,9,knash,NPNNNNNNNNNNNNNANANNP,1565792160,CMSSW_11_0_X,cms-sw/cmssw
1564934640,NA,27688,1,17,0,7,mdhildreth,NNNNNNANNNNNPNNNNAPNN,1565703516,CMSSW_10_6_X,cms-sw/cmssw
1564848693,NA,27686,1,26,0,8,mdhildreth,NNNNNNANNNNNPNNNNAPNN,1565245646,CMSSW_11_0_X,cms-sw/cmssw
1564752277,NA,27682,1,7,0,6,mtosi,NNNNNNPNNNNNNNNNNPNNN,1564759478,CMSSW_11_0_X,cms-sw/cmssw
1564738426,NA,27677,1,2,0,6,arossi83,NNNNNNPNNNNNNNNNNPNNN,1565095546,CMSSW_11_0_X,cms-sw/cmssw
1564737960,NA,27676,1,22,0,7,arossi83,NNNNNNNNNNNNNPNNNANNN,1566152192,CMSSW_11_0_X,cms-sw/cmssw
1564689136,NA,27674,1,82,0,7,cvuosalo,NNNNNNNNNNANNNNPNANNN,1565931997,CMSSW_11_0_X,cms-sw/cmssw
1564677387,NA,27673,1,27,0,6,mundim,NNNNNNNNNNNNNNNNPANNN,1566065014,CMSSW_11_0_X,cms-sw/cmssw
1564673012,NA,27672,1,29,0,7,dilsonjd,NNNNNNNNNNNNNPNPNANNN,1565797844,CMSSW_11_0_X,cms-sw/cmssw
1564661994,NA,27665,1,24,0,9,bsunanda,NNNNNNNNNNANNPPNNAPNN,1565938846,CMSSW_11_0_X,cms-sw/cmssw
1564560841,NA,27653,1,76,0,10,mtosi,NPNNNNANNNNPNNNAPANNN,1565932644,CMSSW_11_0_X,cms-sw/cmssw
1564535735,NA,27651,1,8,0,5,christopheralanwest,ANNNNNNNNNNNNNNNNANNN,1564567859,CMSSW_10_6_X,cms-sw/cmssw
1564488966,NA,27642,1,26,0,5,Sam-Harper,NNNNNNNNNNNNNNNPNANNN,1565693086,CMSSW_10_3_X,cms-sw/cmssw
1564415145,NA,27634,1,72,0,9,riga,NNNNNNNNNNNNNNNPNAPNN,1565804901,CMSSW_11_0_X,cms-sw/cmssw
1564410214,NA,27633,1,52,0,7,rchudasa,NNNNNNNNNNNNNPNANANNN,1565894349,CMSSW_11_0_X,cms-sw/cmssw
1564359240,NA,27624,1,9,0,6,vgvassilev,NNNNNNNNNNNNNNNNNANPN,1565604407,CMSSW_11_0_X,cms-sw/cmssw
1564137419,NA,27620,1,23,0,5,fabferro,NNNNNNANNNNNNNNNNANNN,1565957967,CMSSW_10_6_X,cms-sw/cmssw
1564055244,NA,27608,1,61,0,7,mundim,NNNNNNNNNNNNNNNNAANNN,1565720410,CMSSW_11_0_X,cms-sw/cmssw
1564032786,NA,27606,1,29,0,8,mmusich,ANNNNNNNNNNNNPNNAANNN,1565242602,CMSSW_10_6_X,cms-sw/cmssw
1563944610,NA,27591,1,9,0,6,forthommel,NNNNNNANNNNNNNNNNANNN,1564039687,CMSSW_10_6_X,cms-sw/cmssw
1563793774,NA,27582,1,69,0,8,deguio,NNNNNNNNNNNNNNNNAAPNN,1565625735,CMSSW_11_0_X,cms-sw/cmssw
1563202997,NA,27522,1,39,0,6,guitargeek,NNNNNNNNNNNNNNNPNANNN,1565395273,CMSSW_11_0_X,cms-sw/cmssw
1562787094,NA,27483,1,52,0,8,tanmaymudholkar,NNNNNNANNNNNNNNNAANNN,1565098323,CMSSW_10_6_X,cms-sw/cmssw
1562678738,NA,27465,1,33,0,8,swozniewski,NANNNNNNNNNNNNNANANNP,1565602553,CMSSW_11_0_X,cms-sw/cmssw
1562224078,NA,27439,1,62,0,7,amartelli,NNNNNNNNNNNNNNNPNAPNN,1565881734,CMSSW_11_0_X,cms-sw/cmssw
1562070593,NA,27425,1,14,0,6,sbein,NNNNNNNNPNNNNNNNNANNN,1565585797,CMSSW_11_0_X,cms-sw/cmssw
1561918660,NA,27416,1,6,0,5,cobby319,NNNNNNPNNNNNNNNNNPNNN,1565160747,CMSSW_10_6_X,cms-sw/cmssw
1561119812,NA,27305,1,16,0,6,fwyzard,NNPNNNNNNNNNNNNNNRNNN,1564426671,CMSSW_11_0_X,cms-sw/cmssw
1557752324,NA,26767,1,66,0,9,errai-,NANNNNNNNNNNNNNANANNP,1565602183,CMSSW_11_0_X,cms-sw/cmssw
1556741247,NA,26592,1,175,0,9,wddgit,PPANPNNNNNNNNNNNNANNN,1565890707,CMSSW_11_0_X,cms-sw/cmssw
1555070856,NA,26446,1,36,0,8,drkovalskyi,NPNNNNNNNNNNNNNPNANNN,1565066871,CMSSW_11_0_X,cms-sw/cmssw
1554803024,NA,26402,1,28,0,16,fwyzard,PNPNPNPNPNPNNPPPPPPNN,1560159811,CMSSW_10_6_X,cms-sw/cmssw
1551913885,NA,26094,1,13,0,5,lowette,NNNNNNNNNNNNNNNNAANNN,1566070255,CMSSW_7_1_X,cms-sw/cmssw
1550753515,NA,25994,1,40,0,7,dan131riley,NNPNNNNNNNNNNNNNNANNN,1565601790,CMSSW_11_0_X,cms-sw/cmssw
1549971183,NA,25912,1,27,0,7,fwyzard,NNNNNNNNNNNNNNNNNRNNN,1557848242,CMSSW_11_0_X,cms-sw/cmssw
1549627463,NA,25891,1,15,0,7,gudrutis,NNPNNNNNNNNNNNNNNSNNN,1561640971,CMSSW_11_0_X,cms-sw/cmssw
1542224424,NA,25239,1,65,0,6,gartung,NNNNNNNNNPNNNNNNNANNN,1564481958,CMSSW_11_0_X,cms-sw/cmssw
1535178144,NA,24389,1,38,0,6,fwyzard,NNNNNNNNNNNNNNNNNANNN,1557848231,CMSSW_11_0_X,cms-sw/cmssw
1526474805,NA,23219,1,75,0,10,nancymarinelli,NNNNNNNNNNNNPNNRPAPNN,1558347544,CMSSW_11_0_X,cms-sw/cmssw
1427149326,NA,8484,1,7,0,5,dimattia,NNNNANNNNNNNNNNNNANNN,1448278608,Next CMSSW_7_2_X,cms-sw/cmssw
1565869780,NA,5154,1,18,0,5,mrodozov,NNNNNNNPNNNNNNNNNRNNN,1566074526,-,cms-sw/cmsdist
1565867419,NA,5153,1,12,0,5,mrodozov,NNNNNNNPNNNNNNNNNRNNN,1566064725,-,cms-sw/cmsdist
1565723335,NA,5150,1,29,0,5,makortel,NNNNNNNPNNNNNNNNNANNN,1565960075,-,cms-sw/cmsdist
1565651414,NA,5148,1,12,0,5,hqucms,NNNNNNNPNNNNNNNNNPNNN,1565792580,-,cms-sw/cmsdist
1565339856,NA,5146,1,19,0,7,cmsbuild,NNNNNNNPNNNNNNNNNANNN,1565625682,-,cms-sw/cmsdist
1565267450,NA,5144,1,23,0,5,smuzaffar,NNNNNNNPNNNNNNNNNRNNN,1565607820,-,cms-sw/cmsdist
1564580475,NA,5120,1,43,0,6,mrodozov,NNNNNNNPNNNNNNNNNANNN,1565804898,-,cms-sw/cmsdist
1562765912,NA,5088,1,1,0,0,vkuznet,NNNNNNNNNNNNNNNNNNNNN,1562766892,-,cms-sw/cmsdist
1562152241,NA,5070,1,1,0,0,vkuznet,NNNNNNNNNNNNNNNNNNNNN,1562153354,-,cms-sw/cmsdist
1558607084,NA,5004,1,5,0,0,amaltaro,NNNNNNNNNNNNNNNNNNNNN,1559812603,-,cms-sw/cmsdist
1557501682,NA,4956,1,1,0,0,vkuznet,NNNNNNNNNNNNNNNNNNNNN,1557502562,-,cms-sw/cmsdist
1556644985,NA,4922,1,1,0,0,vkuznet,NNNNNNNNNNNNNNNNNNNNN,1556645993,-,cms-sw/cmsdist
1555683069,NA,4899,1,8,0,0,khurtado,NNNNNNNNNNNNNNNNNNNNN,1563459044,-,cms-sw/cmsdist
1564400646,NA,1,1,31,0,8,riga,NNNNNNNANNNNNNNPNAPNN,1565804902,-,cms-data/RecoHGCal-TICL
